<?xml version="1.0" encoding="UTF-8"?>
<launch4jConfig>
  <dontWrapJar>false</dontWrapJar>
  <headerType>gui</headerType>
  <jar>C:\Users\Hannah\Desktop\ModelGenerator\ModelGeneration.jar</jar>
  <outfile>ResidentialModelGenerator.exe</outfile>
  <errTitle></errTitle>
  <cmdLine></cmdLine>
  <chdir>.</chdir>
  <priority>normal</priority>
  <downloadUrl></downloadUrl>
  <supportUrl></supportUrl>
  <stayAlive>false</stayAlive>
  <restartOnCrash>false</restartOnCrash>
  <manifest></manifest>
  <icon>C:\Users\Hannah\Desktop\ModelGenerator\Images\HouseBuildIcon.ico</icon>
  <jre>
    <path>%JAVA_HOME%;%PATH%</path>
    <requiresJdk>false</requiresJdk>
    <requires64Bit>false</requires64Bit>
    <minVersion></minVersion>
    <maxVersion></maxVersion>
  </jre>
  <versionInfo>
    <fileVersion>1.0.0.0</fileVersion>
    <txtFileVersion>1</txtFileVersion>
    <fileDescription>Residential Energy Model Generation Program</fileDescription>
    <copyright>Santa Clara University and the National Institute of Standards and Technology</copyright>
    <productVersion>1.0.0.0</productVersion>
    <txtProductVersion>1</txtProductVersion>
    <productName>Residential Energy Model Generation Program</productName>
    <companyName>Santa Clara University and the National Institute of Standards and Technology</companyName>
    <internalName>ModelGeneration</internalName>
    <originalFilename>ResidentialModelGenerator.exe</originalFilename>
    <trademarks></trademarks>
    <language>ENGLISH_US</language>
  </versionInfo>
</launch4jConfig>